0,0,0,0,0,0,0.9,0.9,299.34,1
0,0,0,0,0,0,0.1,0.1,299.34,2
6.5941,16.299,0.98961,1,1.9792,2,0.95936,1.9188,299.34,3
0,0,0,0,0,0,0.1,0.1,299.34,4
6.1153,16.693,0.98428,1,1.9686,2,0.93944,1.8787,277.25,5
0,0,0,0,0,0,0.1,0.1,277.25,6
6.1781,17.744,0.98511,1,1.9702,2,0.94241,1.8849,258.63,7
0,0,0,0,0,0,0.1,0.1,258.63,8
6.1739,15.861,0.98506,1,1.9701,2,0.94222,1.8845,239.08,9
0,0,0,0,0,0,0.1,0.1,239.08,10
6.3815,17.6,0.98751,1,1.975,2,0.9514,1.9029,235.85,11
0,0,0,0,0,0,0.1,0.1,235.85,12
5.9266,15.642,0.98152,1,1.963,2,0.92914,1.8584,235.85,13
0,0,0,0,0,0,0.1,0.1,235.85,14
5.9901,15.641,0.9825,1,1.965,2,0.9328,1.8656,235.85,15
0,0,0,0,0,0,0.1,0.1,235.85,16
6.0445,15.502,0.9833,1,1.9666,2,0.93574,1.8715,233.62,17
0,0,0,0,0,0,0.1,0.1,233.62,18
5.9355,16.723,0.98166,1,1.9633,2,0.92969,1.8595,233.62,19
0,0,0,0,0,0,0.1,0.1,233.62,20
5.9532,15.497,0.98194,1,1.9639,2,0.93079,1.8615,232.22,21
0,0,0,0,0,0,0.1,0.1,232.22,22
6.0329,16.283,0.98313,1,1.9663,2,0.93519,1.8702,219.51,23
0,0,0,0,0,0,0.1,0.1,219.51,24
5.6347,13.964,0.9763,0.99999,1.9526,2,0.91046,1.8209,219.22,25
0,0,0,0,0,0,0.1,0.1,219.22,26
5.633,14.929,0.97627,0.99999,1.9525,2,0.91029,1.8206,219.22,27
0,0,0,0,0,0,0.1,0.1,219.22,28
5.6933,15.396,0.97745,1,1.9549,2,0.91454,1.8291,213.84,29
0,0,0,0,0,0,0.1,0.1,213.84,30
5.3161,14.787,0.96898,0.99999,1.938,2,0.88526,1.7703,196.79,31
0,0,0,0,0,0,0.1,0.1,196.79,32
5.1942,14.333,0.96563,0.99999,1.9313,2,0.87411,1.748,196.27,33
0,0,0,0,0,0,0.1,0.1,196.27,34
5.177,14.868,0.96513,0.99999,1.9303,2,0.87247,1.7448,196.27,35
0,0,0,0,0,0,0.1,0.1,196.27,36
5.1436,14.191,0.96414,0.99999,1.9283,2,0.86921,1.7383,185.25,37
0,0,0,0,0,0,0.1,0.1,185.25,38
5.3235,15.368,0.96917,1,1.9383,2,0.88577,1.7717,184.02,39
0,0,0,0,0,0,0.1,0.1,184.02,40
5.558,13.882,0.97471,0.99999,1.9494,2,0.90484,1.8097,184.02,41
0,0,0,0,0,0,0.1,0.1,184.02,42
4.9623,13.498,0.95828,0.99998,1.9166,2,0.85063,1.701,173.72,43
0,0,0,0,0,0,0.1,0.1,173.72,44
4.8811,12.631,0.95537,0.99996,1.9107,1.9999,0.84146,1.6831,159.68,45
1.2124,0.099441,0.34184,0.0046284,0.68368,0.0092568,0.24091,0.44976,159.68,46
9.0597,22.483,0.99883,1,1.9977,2,0.99541,1.9907,159.68,47
0,0,0,0,0,0,0.1,0.1,159.68,48
4.7785,12.486,0.95141,0.99995,1.9028,1.9999,0.82973,1.6595,155.15,49
0,0,0,0,0,0,0.1,0.1,155.15,50
5.0381,13.275,0.96084,0.99998,1.9217,2,0.85862,1.7171,146.48,51
0,0,0,0,0,0,0.1,0.1,146.48,52
4.9446,12.969,0.95766,0.99997,1.9153,1.9999,0.84848,1.6971,126.92,53
0,0,0,0,0,0,0.1,0.1,126.92,54
4.5341,11.157,0.94058,0.99983,1.8812,1.9997,0.79963,1.5991,126.92,55
1.4792,4.086,0.4352,0.91452,0.87041,1.829,0.54177,1.0836,126.92,56
3.8529,6.2895,0.89703,0.98647,1.7941,1.9729,0.6956,1.3912,126.92,57
1.1512,0.11446,0.31967,0.0060717,0.63933,0.012143,0.22002,0.40542,126.92,58
8.3066,18.098,0.9977,1,1.9954,2,0.99085,1.9817,126.92,59
0,0,0,0,0,0,0.1,0.1,126.92,60
4.5042,11.394,0.93911,0.99986,1.8782,1.9997,0.79575,1.5916,113.08,61
0,0,0,0,0,0,0.1,0.1,113.08,62
4.5598,11.5,0.94182,0.99987,1.8836,1.9997,0.80278,1.6058,113.08,63
0,0,0,0,0,0,0.1,0.1,113.08,64
4.4652,10.839,0.93713,0.99977,1.8743,1.9995,0.79059,1.5812,109.19,65
0,0,0,0,0,0,0.1,0.1,109.19,66
4.2752,11.084,0.92663,0.99981,1.8533,1.9996,0.76606,1.5321,101.39,67
0,0,0,0,0,0,0.1,0.1,101.39,68
4.0572,8.9006,0.91252,0.99865,1.825,1.9973,0.73639,1.4728,101.39,69
0,0,0,0,0,0,0.1,0.1,101.39,70
4.2529,9.9202,0.92529,0.99946,1.8506,1.9989,0.76246,1.5249,99.561,71
1.3725,0.73894,0.39862,0.16945,0.79724,0.3389,0.28049,0.54409,99.561,72
8.3735,18.3,0.99784,1,1.9957,2,0.99144,1.9828,99.561,73
0,0,0,0,0,0,0.1,0.1,99.561,74
4.044,9.8146,0.91159,0.99941,1.8232,1.9988,0.73615,1.4723,91.952,75
0,0,0,0,0,0,0.1,0.1,91.952,76
3.6831,8.4502,0.88224,0.99798,1.7645,1.996,0.69932,1.3986,91.952,77
0.86311,0.067508,0.21405,0.0021787,0.4281,0.0043573,0.13774,0.22257,91.952,78
5.9745,13.939,0.98227,0.99999,1.9645,2,0.93188,1.8638,77.469,79
0,0,0,0,0,0,0.1,0.1,77.469,80
3.5118,8.6302,0.86535,0.99828,1.7307,1.9966,0.6935,1.3869,77.469,81
1.7546,2.1508,0.52353,0.63327,1.0471,1.2665,0.47769,0.95543,77.469,82
4.0016,3.2475,0.90854,0.8349,1.8171,1.6698,0.58858,1.1771,77.469,83
2.8481,5.2284,0.77698,0.9666,1.554,1.9332,0.73038,1.4608,77.469,84
0,0,0,0,0,0,0.1,0.1,77.469,85
3.4921,7.2231,0.86327,0.994,1.7265,1.988,0.68724,1.3745,74.638,86
1.4561,1.0398,0.42738,0.27888,0.85476,0.55776,0.33539,0.66209,74.638,87
7.0008,11.859,0.99271,0.99991,1.9854,1.9998,0.97089,1.9419,74.638,88
0,0,0,0,0,0,0.1,0.1,74.638,89
3.4458,7.1978,0.85827,0.99387,1.7165,1.9877,0.68738,1.3748,64.797,90
1.1462,1.1505,0.31783,0.31942,0.63566,0.63883,0.29653,0.58074,64.797,91
7.1347,11.972,0.99352,0.99992,1.987,1.9998,0.97399,1.9483,64.797,92
0,0,0,0,0,0,0.1,0.1,64.797,93
3.3563,7.2153,0.84812,0.99396,1.6962,1.9879,0.69084,1.3817,64.797,94
1.2394,1.0266,0.35156,0.27402,0.70311,0.54804,0.29138,0.5697,64.797,95
6.9346,10.965,0.99228,0.99979,1.9846,1.9996,0.96897,1.9377,64.797,96
0,0,0,0,0,0,0.1,0.1,64.797,97
3.135,6.4662,0.82013,0.98839,1.6403,1.9768,0.70701,1.414,49.123,98
1.5173,1.0792,0.44795,0.29335,0.8959,0.5867,0.35621,0.70543,49.123,99
5.9888,9.8655,0.98248,0.99944,1.965,1.9989,0.93091,1.8616,49.123,100
0,0,0,0,0,0,0.1,0.1,49.123,101
3.1825,6.496,0.82651,0.98869,1.653,1.9774,0.69988,1.3997,49.123,102
1.1358,0.49831,0.31407,0.089692,0.62814,0.17938,0.21836,0.40757,49.123,103
6.1028,10.993,0.98411,0.9998,1.9682,1.9996,0.938,1.8761,49.123,104
0,0,0,0,0,0,0.1,0.1,49.123,105
3.0493,6.0816,0.80809,0.98382,1.6162,1.9676,0.71526,1.4306,49.123,106
0.58859,0.71283,0.11816,0.16028,0.23632,0.32056,0.14122,0.23534,49.123,107
4.5996,9.4212,0.94369,0.99916,1.8874,1.9983,0.80622,1.6124,46.533,108
0,0,0,0,0,0,0.1,0.1,46.533,109
2.8934,5.3648,0.78436,0.97022,1.5687,1.9404,0.72555,1.4512,46.533,110
0,0,0,0,0,0,0.1,0.1,46.533,111
2.8889,5.5016,0.78364,0.97347,1.5673,1.9469,0.73478,1.4697,45.145,112
0,0,0,0,0,0,0.1,0.1,45.145,113
2.886,5.6382,0.78316,0.97637,1.5663,1.9527,0.74299,1.486,40.967,114
0.66379,0.58935,0.14332,0.11841,0.28664,0.23681,0.1345,0.21924,40.967,115
4.1556,8.1914,0.91918,0.99745,1.8384,1.9949,0.74638,1.4927,40.967,116
0.60798,0.044354,0.12453,0.00095501,0.24907,0.00191,0.10001,0.12735,40.967,117
2.9394,5.5292,0.79162,0.97408,1.5832,1.9482,0.72169,1.4432,40.967,118
0.82769,0.88513,0.20119,0.22208,0.40239,0.44417,0.1996,0.37003,40.967,119
4.6755,7.5772,0.9471,0.99561,1.8942,1.9912,0.80699,1.614,40.967,120
0.55338,0.016045,0.1068,0.00012736,0.21361,0.00025472,0.096454,0.11606,40.967,121
2.6322,4.5235,0.73877,0.94007,1.4775,1.8801,0.68629,1.3727,33.98,122
1.2049,0.5462,0.33913,0.10452,0.67825,0.20904,0.2366,0.44763,33.98,123
4.904,7.1706,0.95621,0.99372,1.9124,1.9874,0.82764,1.6554,33.104,124
0,0,0,0,0,0,0.1,0.1,33.104,125
2.4709,3.886,0.70668,0.8997,1.4134,1.7994,0.57414,1.1482,33.104,126
1.5545,1.3402,0.46023,0.38736,0.92047,0.77471,0.44463,0.88679,33.104,127
3.8216,3.8433,0.89444,0.89624,1.7889,1.7925,0.59503,1.19,33.104,128
1.6324,1.6741,0.48546,0.49867,0.97092,0.99733,0.60377,1.2075,33.104,129
2.1909,1.4684,0.64321,0.43154,1.2864,0.86308,0.45096,0.90143,33.104,130
3.0926,2.7174,0.81426,0.75447,1.6285,1.5089,0.64148,1.2829,33.104,131
1.1888,0.47928,0.33331,0.083987,0.66663,0.16797,0.23105,0.43451,33.104,132
4.3312,6.1469,0.92989,0.9847,1.8598,1.9694,0.7436,1.4872,29.728,133
0.53205,0.22132,0.10007,0.02116,0.20015,0.04232,0.097568,0.12059,29.728,134
2.5585,3.8222,0.7245,0.89449,1.449,1.789,0.58989,1.1798,28.506,135
1.5076,0.5789,0.44473,0.115,0.88946,0.23001,0.30611,0.59411,28.506,136
4.5018,5.8676,0.93899,0.98057,1.878,1.9611,0.75435,1.5087,28.506,137
0.71198,0.32367,0.15998,0.042339,0.31996,0.084677,0.11927,0.18017,28.506,138
2.997,4.2069,0.8004,0.92246,1.6008,1.8449,0.6173,1.2346,23.841,139
1.0636,0.62601,0.28763,0.13054,0.57527,0.26108,0.20941,0.39011,23.841,140
4.1337,4.9963,0.91774,0.95945,1.8355,1.9189,0.6814,1.3628,23.841,141
0.48319,0.13163,0.085149,0.0079391,0.1703,0.015878,0.094335,0.10839,23.841,142
2.2412,3.1976,0.65535,0.82848,1.3107,1.657,0.5231,1.0462,23.841,143
1.9546,1.3125,0.58157,0.3776,1.1631,0.7552,0.40708,0.81249,23.841,144
3.7861,2.7744,0.89143,0.76453,1.7829,1.5291,0.60696,1.2139,23.841,145
0.97922,0.41018,0.2566,0.064301,0.51319,0.1286,0.17631,0.31398,23.841,146
3.6567,4.7324,0.87978,0.94953,1.7596,1.8991,0.63475,1.2694,22.591,147
0.89817,0.50824,0.22685,0.092713,0.4537,0.18543,0.16532,0.29053,22.591,148
3.229,3.6091,0.83254,0.87521,1.6651,1.7504,0.56762,1.1353,22.591,149
2.0044,1.0424,0.59519,0.27982,1.1904,0.55965,0.35524,0.70697,22.591,150
3.8841,3.64,0.89956,0.87819,1.7991,1.7564,0.58864,1.1773,22.591,151
1.3208,1.1383,0.38055,0.31496,0.76109,0.62991,0.32932,0.64964,22.591,152
3.853,3.7381,0.89704,0.88724,1.7941,1.7745,0.59138,1.1827,19.116,153
0.95131,0.69425,0.24634,0.15381,0.49267,0.30762,0.19376,0.35633,19.116,154
3.3693,3.4516,0.84964,0.85891,1.6993,1.7178,0.56297,1.1259,19.116,155
1.1784,0.56763,0.32954,0.11136,0.65909,0.22272,0.23116,0.43636,19.116,156
3.567,3.7677,0.87103,0.88984,1.7421,1.7797,0.57995,1.1599,19.116,157
1.2267,0.80529,0.34699,0.19311,0.69397,0.38622,0.25806,0.49741,19.116,158
3.4083,3.0432,0.8541,0.80722,1.7082,1.6144,0.56828,1.1365,18.869,159
1.061,0.45494,0.28666,0.07686,0.57331,0.15372,0.19822,0.36307,18.869,160
3.2512,2.9257,0.83535,0.78947,1.6707,1.5789,0.58215,1.1643,18.171,161
0.75772,0.31053,0.1761,0.039306,0.35219,0.078612,0.12552,0.19543,18.171,162
2.3573,2.3807,0.68216,0.68734,1.3643,1.3747,0.5369,1.0738,17.702,163
1.7609,0.78778,0.52543,0.18682,1.0509,0.37364,0.33013,0.65037,17.702,164
3.3067,2.2932,0.84222,0.66757,1.6844,1.3351,0.52738,1.0548,16.271,165
1.5044,0.50739,0.44364,0.092454,0.88728,0.18491,0.30911,0.59859,16.271,166
3.0702,2.3833,0.8111,0.68791,1.6222,1.3758,0.56046,1.1209,12.52,167
0.92279,0.45815,0.23586,0.07779,0.47173,0.15558,0.16659,0.2928,12.52,168
2.7091,2.5447,0.75298,0.72175,1.506,1.4435,0.71543,1.431,12.52,169
0.34588,0.042324,0.047658,0.00087079,0.095315,0.0017416,0.093645,0.097408,12.52,170
1.5906,1.6938,0.47201,0.50484,0.94403,1.0097,0.57762,1.1552,11.707,171
0.93446,0.47395,0.24015,0.082409,0.48029,0.16482,0.1702,0.30116,11.707,172
2.6693,2.2611,0.74572,0.66007,1.4914,1.3201,0.58024,1.1606,11.707,173
0.90335,0.51663,0.22874,0.09529,0.45749,0.19058,0.16705,0.29456,11.707,174
2.4355,2.0892,0.69921,0.61761,1.3984,1.2352,0.5042,1.0084,10.761,175
1.6546,1.1025,0.49253,0.3019,0.98506,0.6038,0.38978,0.7747,10.761,176
2.5563,1.7055,0.72406,0.50846,1.4481,1.0169,0.62996,1.2599,9.8723,177
0.71816,0.19253,0.16214,0.016319,0.32428,0.032638,0.11456,0.16725,9.8723,178
1.7755,1.6501,0.52982,0.4911,1.0596,0.98219,0.55257,1.105,8.9231,179
1.3064,0.6234,0.37545,0.12967,0.7509,0.25933,0.26197,0.503,8.9231,180
2.6775,1.8238,0.74722,0.54421,1.4944,1.0884,0.6097,1.2194,8.9231,181
0.68988,0.53315,0.15229,0.10042,0.30459,0.20084,0.13209,0.21316,8.9231,182
1.9418,1.5967,0.578,0.474,1.156,0.948,0.47629,0.95233,8.9231,183
1.6967,0.80491,0.50573,0.19297,1.0115,0.38595,0.33661,0.66251,8.9231,184
2.5144,1.5413,0.71565,0.45591,1.4313,0.91181,0.57439,1.1487,8.9231,185
0.99809,0.39921,0.26354,0.061341,0.52708,0.12268,0.18028,0.32264,8.9231,186
2.169,1.4915,0.63781,0.43933,1.2756,0.87867,0.45259,0.90473,8.9231,187
1.8703,0.97231,0.55776,0.25406,1.1155,0.50811,0.34552,0.68566,7.9268,188
2.4109,1.51,0.69393,0.44551,1.3879,0.89102,0.52253,1.0448,7.9268,189
1.0269,0.46895,0.27414,0.080939,0.54829,0.16188,0.19074,0.34683,7.9268,190
2.2911,1.5667,0.66708,0.46425,1.3342,0.92851,0.49867,0.99712,7.9268,191
1.4427,0.61373,0.42281,0.12644,0.84562,0.25288,0.29137,0.5644,7.9268,192
2.2934,1.3382,0.66762,0.38665,1.3352,0.7733,0.44057,0.8805,7.9268,193
1.689,0.73082,0.50332,0.16658,1.0066,0.33317,0.33426,0.65584,7.7566,194
2.2572,1.2896,0.65916,0.3695,1.3183,0.739,0.42223,0.84356,7.7566,195
1.6994,0.71789,0.50657,0.16205,1.0131,0.3241,0.33294,0.65314,7.7566,196
2.0733,1.0347,0.61348,0.277,1.227,0.554,0.35695,0.71083,7.7566,197
1.8712,0.90057,0.558,0.22772,1.116,0.45545,0.33597,0.6656,7.7566,198
2.0645,0.96854,0.61117,0.25267,1.2223,0.50534,0.34774,0.69189,7.0885,199
2.0695,1.0003,0.61247,0.26436,1.2249,0.52873,0.35204,0.70076,7.0885,200
2.0925,0.93824,0.61845,0.24154,1.2369,0.48307,0.34602,0.68849,6.7423,201
1.9562,0.76202,0.582,0.17762,1.164,0.35525,0.32447,0.64213,6.7423,202
1.9376,0.86532,0.57685,0.21485,1.1537,0.42971,0.33198,0.65803,6.3256,203
1.992,0.87743,0.59183,0.21927,1.1837,0.43854,0.33445,0.66378,6.3256,204
1.9486,0.9413,0.57989,0.24266,1.1598,0.48532,0.34046,0.67596,6.0802,205
1.8398,0.76361,0.54891,0.17819,1.0978,0.35638,0.32482,0.6408,5.6282,206
1.8159,0.80446,0.54188,0.19281,1.0838,0.38562,0.3283,0.64799,5.6282,207
1.8133,0.67515,0.54111,0.14721,1.0822,0.29443,0.32301,0.63514,5.6282,208
1.7162,0.70201,0.51177,0.1565,1.0235,0.31301,0.33103,0.64936,5.6282,209
1.7387,0.76064,0.51867,0.17714,1.0373,0.35427,0.33034,0.64978,5.6282,210
1.664,0.73128,0.49549,0.16675,0.99097,0.3335,0.33311,0.65321,5.5936,211
1.7112,0.60712,0.51021,0.12425,1.0204,0.2485,0.33409,0.65319,5.1402,212
1.7024,0.58993,0.5075,0.1186,1.015,0.23719,0.33639,0.65714,5.1402,213
1.6219,0.67616,0.48211,0.14756,0.96422,0.29512,0.32585,0.637,3.9326,214
1.5729,0.55677,0.46626,0.10788,0.93252,0.21576,0.32128,0.62468,3.9326,215
1.6263,0.60376,0.48354,0.12314,0.96708,0.24628,0.32933,0.64228,3.9326,216
1.6825,0.58464,0.5013,0.11687,1.0026,0.23374,0.34001,0.66363,3.9326,217
1.5127,0.49995,0.44642,0.090189,0.89285,0.18038,0.31157,0.60347,3.9326,218
1.5541,0.51851,0.46012,0.095868,0.92024,0.19174,0.31983,0.6208,3.9326,219
1.5591,0.52972,0.46176,0.099347,0.92352,0.19869,0.32013,0.62168,3.9326,220
1.5688,0.54716,0.46493,0.10483,0.92985,0.20966,0.32103,0.62396,3.9326,221
1.4967,0.50531,0.44108,0.091819,0.88217,0.18364,0.30744,0.5951,3.6746,222
1.4192,0.4422,0.41479,0.073212,0.82959,0.14642,0.29186,0.5616,3.2812,223
1.442,0.53722,0.42257,0.10169,0.84514,0.20339,0.29297,0.56601,3.1586,224
1.294,0.44089,0.37106,0.072841,0.74212,0.14568,0.25858,0.49218,2.8939,225
1.3701,0.42658,0.39781,0.068818,0.79562,0.13764,0.27955,0.53575,2.8939,226
1.3724,0.4401,0.39859,0.072615,0.79719,0.14523,0.27957,0.53606,2.8939,227
1.406,0.45933,0.41023,0.078133,0.82045,0.15627,0.2875,0.55297,2.7934,228
1.2612,0.48622,0.35939,0.086055,0.71878,0.17211,0.24958,0.47409,2.5738,229
1.2531,0.44926,0.35648,0.075227,0.71296,0.15045,0.24756,0.4691,2.2003,230
1.2261,0.39306,0.34679,0.0597,0.69358,0.1194,0.24058,0.45322,2.1252,231
1.2344,0.38939,0.34976,0.058729,0.69951,0.11746,0.24293,0.45814,2.1252,232
1.1776,0.3757,0.32928,0.055157,0.65856,0.11031,0.22701,0.42399,2.1252,233
1.0791,0.32637,0.29331,0.042974,0.58663,0.085947,0.19883,0.36232,1.8005,234
1.0139,0.29284,0.26934,0.035359,0.53868,0.070718,0.18027,0.32106,1.7961,235
0.94672,0.31422,0.24465,0.040148,0.4893,0.080295,0.16403,0.28509,1.7308,236
0.8559,0.29374,0.21143,0.035555,0.42285,0.071109,0.14276,0.2362,1.7308,237
0.81272,0.26132,0.19579,0.02874,0.39158,0.057479,0.13276,0.21233,1.7308,238
0.74473,0.21576,0.17149,0.020184,0.34298,0.040368,0.11925,0.1792,1.6448,239
0.6664,0.20442,0.14421,0.018253,0.28843,0.036505,0.10835,0.15127,1.5367,240
0.60039,0.18704,0.12203,0.015456,0.24406,0.030912,0.10143,0.13212,1.5367,241
0.56347,0.17926,0.11003,0.014269,0.22005,0.028539,0.098583,0.12357,1.3745,242
0.51053,0.15565,0.093414,0.010927,0.18683,0.021854,0.095481,0.11308,1.3745,243
0.50915,0.14865,0.09299,0.010012,0.18598,0.020024,0.095349,0.11255,1.306,244
0.49004,0.14804,0.0872,0.0099342,0.1744,0.019868,0.094668,0.10989,1.1282,245
0.48866,0.14857,0.086785,0.010002,0.17357,0.020004,0.09463,0.10973,1.1282,246
0.46833,0.13908,0.080756,0.0088199,0.16151,0.01764,0.094003,0.10692,1.1276,247
0.46455,0.13994,0.07965,0.0089244,0.1593,0.017849,0.093922,0.10653,1.1007,248
0.4271,0.11039,0.068963,0.005663,0.13793,0.011326,0.093254,0.10221,1.1007,249
0.4289,0.10769,0.069463,0.0053989,0.13893,0.010798,0.093265,0.1023,0.86125,250
0.42258,0.12007,0.067707,0.006657,0.13541,0.013314,0.093232,0.10208,0.86125,251
0.41814,0.117,0.06648,0.006333,0.13296,0.012666,0.093197,0.10168,0.81823,252
0.41706,0.10066,0.066185,0.0047388,0.13237,0.0094777,0.09318,0.10128,0.77175,253
0.40874,0.10291,0.06391,0.0049452,0.12782,0.0098904,0.093149,0.10076,0.77175,254
0.39086,0.098742,0.059118,0.0045657,0.11824,0.0091313,0.093146,0.099626,0.74932,255
0.38607,0.10275,0.057856,0.0049307,0.11571,0.0098615,0.093152,0.099433,0.74739,256
0.39492,0.098831,0.060194,0.0045737,0.12039,0.0091473,0.09314,0.09985,0.74656,257
0.36977,0.083707,0.053634,0.0033139,0.10727,0.0066278,0.093278,0.09845,0.65832,258
0.35305,0.087563,0.049426,0.003617,0.098851,0.007234,0.093419,0.097878,0.57243,259
0.35515,0.090684,0.049947,0.0038715,0.099895,0.007743,0.093386,0.097975,0.57243,260
0.346,0.083651,0.047688,0.0033096,0.095375,0.0066192,0.093514,0.097631,0.50321,261
0.35381,0.076531,0.049614,0.0027833,0.099229,0.0055666,0.093448,0.097814,0.46692,262
0.33358,0.086427,0.044684,0.0035264,0.089369,0.0070529,0.093664,0.097327,0.45116,263
0.33354,0.073815,0.044674,0.0025939,0.089348,0.0051878,0.09372,0.097253,0.45116,264
0.29465,0.068815,0.035755,0.0022618,0.071511,0.0045237,0.094423,0.096685,0.45116,265
0.32461,0.068867,0.04256,0.0022652,0.08512,0.0045304,0.093879,0.097051,0.45116,266
0.32692,0.07405,0.043103,0.00261,0.086206,0.0052201,0.093819,0.097117,0.44823,267
0.30137,0.07334,0.03724,0.0025614,0.074481,0.0051229,0.094267,0.096749,0.42976,268
0.31626,0.066378,0.040618,0.0021079,0.081236,0.0042158,0.09403,0.096907,0.40506,269
0.2958,0.071943,0.036007,0.0024671,0.072014,0.0049342,0.094382,0.096698,0.40506,270
0.2931,0.064848,0.035415,0.0020139,0.070831,0.0040278,0.094476,0.096669,0.40461,271
0.27502,0.055415,0.03155,0.0014798,0.0631,0.0029597,0.09491,0.096613,0.40461,272
0.2924,0.068911,0.035263,0.0022681,0.070525,0.0045361,0.094467,0.096671,0.38359,273
0.27247,0.053637,0.03102,0.001388,0.062039,0.0027761,0.094977,0.096615,0.38359,274
0.26502,0.047561,0.029488,0.0010958,0.058976,0.0021916,0.095177,0.096635,0.38359,275
0.26059,0.049213,0.028594,0.0011719,0.057187,0.0023439,0.095271,0.09665,0.38359,276
0.26983,0.054324,0.030474,0.0014232,0.060948,0.0028464,0.095032,0.096618,0.38359,277
0.26278,0.05261,0.029034,0.0013363,0.058069,0.0026726,0.095203,0.096638,0.38359,278
0.26686,0.047617,0.029864,0.0010983,0.059728,0.0021967,0.095134,0.096629,0.33049,279
0.25557,0.047068,0.027593,0.0010735,0.055185,0.0021471,0.0954,0.096678,0.30455,280
0.23175,0.037231,0.023044,0.00067611,0.046087,0.0013522,0.096025,0.096895,0.30455,281
0.22617,0.043845,0.022028,0.00093354,0.044056,0.0018671,0.096129,0.096942,0.30455,282
0.23594,0.036865,0.02382,0.00066304,0.047641,0.0013261,0.095923,0.096852,0.28411,283
0.23699,0.038168,0.024016,0.00071011,0.048033,0.0014202,0.095892,0.096839,0.25179,284
0.23479,0.037439,0.023606,0.00068359,0.047211,0.0013672,0.095949,0.096863,0.25179,285
0.24311,0.039162,0.025172,0.00074711,0.050343,0.0014942,0.095738,0.09678,0.25179,286
0.22133,0.040565,0.021163,0.00080085,0.042326,0.0016017,0.096265,0.097009,0.25179,287
0.22727,0.0392,0.022226,0.00074853,0.044453,0.0014971,0.096126,0.096941,0.24371,288
0.20907,0.035073,0.019036,0.00060086,0.038071,0.0012017,0.096596,0.09719,0.20062,289
0.22372,0.036698,0.021589,0.00065714,0.043177,0.0013143,0.096226,0.09699,0.20062,290
0.20623,0.033732,0.018555,0.0005563,0.037111,0.0011126,0.096673,0.097235,0.20062,291
0.19986,0.032858,0.0175,0.00052813,0.035,0.0010563,0.096834,0.097333,0.20062,292
0.20528,0.031028,0.018397,0.00047152,0.036795,0.00094304,0.096708,0.097256,0.20062,293
0.19688,0.026446,0.017015,0.00034358,0.03403,0.00068717,0.096935,0.097398,0.18458,294
0.1817,0.025308,0.014638,0.00031491,0.029276,0.00062981,0.09731,0.097652,0.18458,295
0.21089,0.034895,0.019344,0.00059487,0.038688,0.0011897,0.096552,0.097164,0.18458,296
0.18719,0.027038,0.015481,0.00035899,0.030961,0.00071799,0.09717,0.097554,0.17751,297
0.18676,0.023536,0.015413,0.00027267,0.030825,0.00054534,0.097194,0.097571,0.16995,298
0.17552,0.021056,0.013714,0.00021859,0.027428,0.00043718,0.097474,0.09777,0.15367,299
0.17992,0.022269,0.014369,0.00024431,0.028738,0.00048861,0.097364,0.097691,0.15367,300
0.17995,0.02764,0.014373,0.00037501,0.028746,0.00075003,0.097343,0.097676,0.15367,301
0.16971,0.025557,0.01287,0.00032107,0.02574,0.00064215,0.097595,0.097861,0.15359,302
0.1701,0.023191,0.012927,0.0002648,0.025854,0.00052959,0.097595,0.097861,0.15359,303
0.16716,0.019746,0.012508,0.00019241,0.025017,0.00038483,0.097675,0.097922,0.13536,304
0.16039,0.017855,0.011566,0.00015752,0.023133,0.00031505,0.097839,0.098048,0.13112,305
0.15715,0.020299,0.011127,0.00020325,0.022254,0.00040651,0.097905,0.098101,0.13112,306
0.15452,0.021391,0.010777,0.00022555,0.021553,0.00045111,0.097961,0.098145,0.12846,307
0.16323,0.021342,0.011958,0.00022452,0.023915,0.00044904,0.097762,0.097988,0.12846,308
0.15551,0.016807,0.010908,0.00013967,0.021815,0.00027934,0.097953,0.098139,0.12428,309
0.14691,0.014125,0.0097904,9.8828e-05,0.019581,0.00019766,0.098152,0.098301,0.12428,310
0.14941,0.016792,0.01011,0.00013943,0.02022,0.00027885,0.09809,0.09825,0.10836,311
0.14484,0.014049,0.009529,9.7769e-05,0.019058,0.00019554,0.098198,0.098339,0.10836,312
0.14358,0.018924,0.0093717,0.00017682,0.018743,0.00035364,0.098212,0.09835,0.10299,313
0.13854,0.014604,0.0087553,0.00010561,0.017511,0.00021122,0.098332,0.098451,0.10299,314
0.13337,0.014452,0.0081416,0.00010343,0.016283,0.00020686,0.098441,0.098544,0.09582,315
0.14658,0.021053,0.0097486,0.00021854,0.019497,0.00043707,0.098139,0.09829,0.09582,316
0.12446,0.011659,0.0071311,6.7438e-05,0.014262,0.00013488,0.098629,0.098707,0.084761,317
0.13117,0.011701,0.007886,6.7928e-05,0.015772,0.00013586,0.098493,0.098589,0.069047,318
0.1274,0.012791,0.0074584,8.1109e-05,0.014917,0.00016222,0.098567,0.098653,0.069047,319
0.12626,0.013223,0.0073311,8.6653e-05,0.014662,0.00017331,0.098589,0.098673,0.067133,320
0.12196,0.012612,0.0068589,7.887e-05,0.013718,0.00015774,0.098676,0.098749,0.067133,321
0.12263,0.0097719,0.0069319,4.7435e-05,0.013864,9.487e-05,0.098668,0.098742,0.057365,322
0.11957,0.0096922,0.0066039,4.6667e-05,0.013208,9.3333e-05,0.098728,0.098795,0.057365,323
0.11294,0.010804,0.005917,5.7941e-05,0.011834,0.00011588,0.098852,0.098906,0.057365,324
0.11301,0.0095321,0.0059245,4.5143e-05,0.011849,9.0285e-05,0.098853,0.098907,0.057365,325
0.11354,0.0096514,0.0059775,4.6276e-05,0.011955,9.2552e-05,0.098843,0.098898,0.05706,326
0.10454,0.0078164,0.0050976,3.0389e-05,0.010195,6.0779e-05,0.099009,0.099049,0.050381,327
0.10912,0.0093441,0.0055376,4.3385e-05,0.011075,8.6771e-05,0.098925,0.098972,0.050381,328
0.10454,0.0082023,0.0050981,3.3456e-05,0.010196,6.6911e-05,0.099008,0.099048,0.050381,329
0.10864,0.0089806,0.0054913,4.0085e-05,0.010983,8.017e-05,0.098934,0.09898,0.050381,330
0.099104,0.0076132,0.0045981,2.8834e-05,0.0091963,5.7668e-05,0.099103,0.099135,0.050034,331
0.098736,0.0084327,0.0045651,3.5356e-05,0.0091302,7.0712e-05,0.099108,0.09914,0.04289,332
0.089329,0.0062449,0.00376,1.9418e-05,0.00752,3.8836e-05,0.099263,0.099284,0.04289,333
0.095546,0.0064277,0.004284,2.0569e-05,0.0085679,4.1139e-05,0.099163,0.099191,0.04289,334
0.09455,0.0062854,0.0041978,1.967e-05,0.0083956,3.9341e-05,0.09918,0.099207,0.04289,335
0.096814,0.0076227,0.0043947,2.8906e-05,0.0087894,5.7811e-05,0.099141,0.099171,0.034855,336
0.090454,0.0062403,0.0038525,1.939e-05,0.0077049,3.878e-05,0.099245,0.099268,0.034855,337
0.087176,0.0058269,0.0035861,1.691e-05,0.0071721,3.3821e-05,0.099296,0.099316,0.034855,338
0.090999,0.0068305,0.0038976,2.3222e-05,0.0077952,4.6444e-05,0.099236,0.099259,0.034855,339
0.091488,0.0058277,0.0039383,1.6915e-05,0.0078767,3.383e-05,0.099229,0.099253,0.027863,340
0.089309,0.0076837,0.0037584,2.9369e-05,0.0075167,5.8738e-05,0.099261,0.099283,0.027863,341
0.080024,0.0041785,0.0030361,8.7057e-06,0.0060722,1.7411e-05,0.099403,0.099417,0.027863,342
0.081583,0.0053834,0.0031523,1.4439e-05,0.0063046,2.8878e-05,0.09938,0.099395,0.027863,343
0.081714,0.0045805,0.0031621,1.0459e-05,0.0063243,2.0917e-05,0.099379,0.099394,0.027863,344
0.082456,0.0049875,0.0032183,1.2397e-05,0.0064366,2.4793e-05,0.099368,0.099383,0.027193,345
0.075976,0.0050696,0.0027441,1.2807e-05,0.0054881,2.5615e-05,0.099459,0.09947,0.025854,346
0.0814,0.0050814,0.0031386,1.2867e-05,0.0062772,2.5733e-05,0.099383,0.099398,0.025854,347
0.074545,0.0042917,0.0026442,9.1829e-06,0.0052883,1.8366e-05,0.099479,0.099489,0.025658,348
0.072761,0.0038193,0.0025221,7.2751e-06,0.0050442,1.455e-05,0.099502,0.099512,0.025658,349
0.071893,0.004345,0.0024637,9.4122e-06,0.0049275,1.8824e-05,0.099513,0.099523,0.020611,350
0.072157,0.0044711,0.0024814,9.9656e-06,0.0049628,1.9931e-05,0.09951,0.099519,0.020611,351
0.068725,0.0043159,0.0022561,9.2866e-06,0.0045123,1.8573e-05,0.099554,0.099561,0.020611,352
0.070921,0.0034028,0.0023991,5.7763e-06,0.0047982,1.1553e-05,0.099527,0.099535,0.020611,353
0.068273,0.0034593,0.0022272,5.9697e-06,0.0044544,1.1939e-05,0.09956,0.099567,0.020611,354
0.064341,0.0031538,0.0019832,4.9629e-06,0.0039664,9.9259e-06,0.099608,0.099613,0.020611,355
0.063302,0.0031628,0.001921,4.991e-06,0.003842,9.9821e-06,0.09962,0.099625,0.016502,356
0.060208,0.0027341,0.0017414,3.7309e-06,0.0034828,7.4618e-06,0.099655,0.09966,0.016502,357
0.064384,0.0033267,0.0019858,5.5213e-06,0.0039716,1.1043e-05,0.099607,0.099613,0.016046,358
0.061561,0.0029174,0.0018189,4.2474e-06,0.0036378,8.4947e-06,0.09964,0.099645,0.01531,359
0.060441,0.0029009,0.0017546,4.1996e-06,0.0035092,8.3991e-06,0.099652,0.099657,0.01531,360
0.06042,0.0030103,0.0017534,4.5218e-06,0.0035068,9.0436e-06,0.099652,0.099657,0.01531,361
0.059016,0.0025699,0.0016744,3.2964e-06,0.0033488,6.5928e-06,0.099668,0.099672,0.01531,362
0.055307,0.0028437,0.0014742,4.0355e-06,0.0029484,8.0711e-06,0.099707,0.09971,0.014309,363
0.054648,0.0024154,0.0014399,2.9125e-06,0.0028798,5.825e-06,0.099714,0.099717,0.014309,364
0.054119,0.0026433,0.0014127,3.4874e-06,0.0028253,6.9749e-06,0.099719,0.099722,0.014309,365
0.053824,0.0022725,0.0013976,2.5783e-06,0.0027952,5.1566e-06,0.099723,0.099725,0.014284,366
0.053434,0.0021893,0.0013777,2.3931e-06,0.0027555,4.7862e-06,0.099726,0.099729,0.012987,367
0.052998,0.0021782,0.0013558,2.3688e-06,0.0027115,4.7377e-06,0.099731,0.099734,0.011736,368
0.051421,0.0018336,0.0012776,1.6789e-06,0.0025552,3.3578e-06,0.099746,0.099749,0.011736,369
0.050213,0.0018178,0.0012192,1.6502e-06,0.0024385,3.3004e-06,0.099758,0.09976,0.011736,370
0.04813,0.0021455,0.0011217,2.2982e-06,0.0022435,4.5965e-06,0.099777,0.099779,0.011736,371
0.047755,0.0018516,0.0011046,1.712e-06,0.0022093,3.4241e-06,0.09978,0.099782,0.011736,372
0.050355,0.0019783,0.0012261,1.9542e-06,0.0024521,3.9084e-06,0.099756,0.099759,0.011382,373
0.045856,0.0015825,0.0010198,1.2508e-06,0.0020396,2.5016e-06,0.099797,0.099799,0.011154,374
0.044635,0.0016906,0.00096699,1.4274e-06,0.001934,2.8548e-06,0.099808,0.099809,0.010727,375
0.047017,0.0017212,0.0010713,1.4796e-06,0.0021425,2.9593e-06,0.099787,0.099789,0.0095112,376
0.045341,0.0028799,0.00099735,4.1389e-06,0.0019947,8.2779e-06,0.099801,0.099803,0.0095112,377
0.043738,0.0014643,0.00092909,1.071e-06,0.0018582,2.142e-06,0.099815,0.099816,0.0086273,378
0.041467,0.0012692,0.00083634,8.0477e-07,0.0016727,1.6095e-06,0.099833,0.099835,0.0086273,379
0.042351,0.0014971,0.00087189,1.1195e-06,0.0017438,2.2391e-06,0.099826,0.099828,0.0086273,380
0.039092,0.0011212,0.00074448,6.2804e-07,0.001489,1.2561e-06,0.099852,0.099853,0.0085019,381
0.037382,0.0012872,0.00068155,8.2768e-07,0.0013631,1.6554e-06,0.099864,0.099865,0.0080763,382
0.039023,0.0013605,0.00074187,9.2462e-07,0.0014837,1.8492e-06,0.099852,0.099853,0.0068184,383
0.03978,0.0014308,0.00077054,1.0227e-06,0.0015411,2.0454e-06,0.099846,0.099847,0.0061982,384
0.040591,0.0012645,0.00080185,7.9876e-07,0.0016037,1.5975e-06,0.09984,0.099841,0.0061982,385
0.036754,0.00098815,0.00065911,4.879e-07,0.0013182,9.758e-07,0.099869,0.099869,0.0061982,386
0.037765,0.0011275,0.00069541,6.352e-07,0.0013908,1.2704e-06,0.099861,0.099862,0.0061982,387
0.036265,0.0010298,0.00064187,5.2993e-07,0.0012837,1.0599e-06,0.099872,0.099873,0.0061982,388
0.03556,0.0010908,0.00061745,5.9451e-07,0.0012349,1.189e-06,0.099877,0.099877,0.005313,389
0.035968,0.0010133,0.00063156,5.1305e-07,0.0012631,1.0261e-06,0.099874,0.099875,0.005313,390
0.033384,0.00090407,0.00054501,4.0843e-07,0.00109,8.1686e-07,0.099891,0.099892,0.005313,391
0.032385,0.00081601,0.0005132,3.3276e-07,0.0010264,6.6551e-07,0.099898,0.099898,0.0051029,392
0.031781,0.00081943,0.00049444,3.3555e-07,0.00098888,6.7111e-07,0.099901,0.099902,0.0051029,393
0.030376,0.00074681,0.00045211,2.7873e-07,0.00090423,5.5745e-07,0.09991,0.09991,0.0050188,394
0.031982,0.0011059,0.00050066,6.1108e-07,0.0010013,1.2222e-06,0.0999,0.0999,0.0041536,395
0.031355,0.00085446,0.00048142,3.6485e-07,0.00096284,7.2969e-07,0.099904,0.099904,0.0041536,396
0.030275,0.00065727,0.00044913,2.1591e-07,0.00089826,4.3181e-07,0.09991,0.099911,0.0041536,397
0.029513,0.00064735,0.00042702,2.0944e-07,0.00085405,4.1888e-07,0.099915,0.099915,0.0041536,398
0.029304,0.0008841,0.00042108,3.9058e-07,0.00084215,7.8117e-07,0.099916,0.099916,0.0041536,399
0.027696,0.00066648,0.00037651,2.22e-07,0.00075303,4.44e-07,0.099925,0.099925,0.0041536,400
0.02796,0.00065226,0.00038367,2.1263e-07,0.00076733,4.2526e-07,0.099923,0.099924,0.0035863,401
0.026678,0.00050682,0.00034958,1.2839e-07,0.00069917,2.5678e-07,0.09993,0.09993,0.0035124,402
0.028484,0.00068613,0.00039806,2.3528e-07,0.00079612,4.7057e-07,0.099921,0.099921,0.0035124,403
0.026079,0.00065595,0.00033419,2.1504e-07,0.00066839,4.3009e-07,0.099933,0.099933,0.0033412,404
0.027723,0.00087539,0.00037724,3.8293e-07,0.00075448,7.6586e-07,0.099925,0.099925,0.0033412,405
0.023913,0.00050689,0.00028139,1.2842e-07,0.00056278,2.5685e-07,0.099944,0.099944,0.0032663,406
0.024764,0.00045148,0.00030161,1.0189e-07,0.00060322,2.0377e-07,0.09994,0.09994,0.0032663,407
0.024197,0.00048869,0.00028806,1.1937e-07,0.00057613,2.3874e-07,0.099942,0.099943,0.0032663,408
0.023738,0.000518,0.00027733,1.3411e-07,0.00055466,2.6823e-07,0.099945,0.099945,0.0026397,409
0.023994,0.00045504,0.00028329,1.035e-07,0.00056659,2.07e-07,0.099943,0.099944,0.0026397,410
0.024032,0.00044752,0.00028417,1.0011e-07,0.00056835,2.0021e-07,0.099943,0.099943,0.0022192,411
0.021808,0.00031819,0.00023437,5.061e-08,0.00046874,1.0122e-07,0.099953,0.099953,0.0022192,412
0.023634,0.0004288,0.00027491,9.1907e-08,0.00054983,1.8381e-07,0.099945,0.099945,0.0022192,413
0.021264,0.00035549,0.00022289,6.3172e-08,0.00044579,1.2634e-07,0.099955,0.099956,0.0022192,414
0.02157,0.0004178,0.00022931,8.7256e-08,0.00045862,1.7451e-07,0.099954,0.099954,0.0022192,415
0.021854,0.00036435,0.00023534,6.636e-08,0.00047068,1.3272e-07,0.099953,0.099953,0.0019003,416
0.020537,0.00031214,0.00020803,4.8706e-08,0.00041606,9.7412e-08,0.099958,0.099959,0.0019003,417
0.019889,0.00030508,0.00019518,4.6527e-08,0.00039037,9.3054e-08,0.099961,0.099961,0.0018065,418
0.01961,0.00038384,0.00018978,7.3647e-08,0.00037955,1.4729e-07,0.099962,0.099962,0.0016984,419
0.019268,0.00027285,0.00018325,3.7217e-08,0.00036651,7.4434e-08,0.099963,0.099963,0.0016984,420
0.0202,0.0003344,0.00020128,5.5899e-08,0.00040257,1.118e-07,0.09996,0.09996,0.0015301,421
0.020833,0.00038896,0.00021402,7.5624e-08,0.00042803,1.5125e-07,0.099957,0.099957,0.0015301,422
0.019228,0.0002699,0.0001825,3.6418e-08,0.000365,7.2835e-08,0.099964,0.099964,0.0015097,423
0.018614,0.00031543,0.00017111,4.9736e-08,0.00034223,9.9472e-08,0.099966,0.099966,0.0015097,424
0.017366,0.00023455,0.00014906,2.7502e-08,0.00029812,5.5004e-08,0.09997,0.09997,0.0013966,425
0.018171,0.00027359,0.0001631,3.7418e-08,0.00032621,7.4835e-08,0.099967,0.099967,0.001133,426
0.018215,0.00026459,0.00016389,3.4998e-08,0.00032777,6.9996e-08,0.099967,0.099967,0.001133,427
0.017204,0.00022765,0.0001463,2.5909e-08,0.00029261,5.1818e-08,0.099971,0.099971,0.00096726,428
0.016217,0.00022117,0.00013009,2.4454e-08,0.00026018,4.8909e-08,0.099974,0.099974,0.00096726,429
0.015884,0.00022032,0.00012482,2.4266e-08,0.00024964,4.8532e-08,0.099975,0.099975,0.00096726,430
0.016903,0.000234,0.00014126,2.7375e-08,0.00028252,5.4749e-08,0.099972,0.099972,0.00096726,431
0.016196,0.00022339,0.00012974,2.4949e-08,0.00025948,4.9897e-08,0.099974,0.099974,0.00096163,432
0.015427,0.00017341,0.00011778,1.5034e-08,0.00023556,3.0068e-08,0.099976,0.099976,0.00096163,433
0.015492,0.00016873,0.00011876,1.4233e-08,0.00023752,2.8467e-08,0.099976,0.099976,0.00096163,434
0.014657,0.00016914,0.00010636,1.4302e-08,0.00021273,2.8604e-08,0.099979,0.099979,0.0009014,435
0.01466,0.00015366,0.00010641,1.1804e-08,0.00021283,2.3609e-08,0.099979,0.099979,0.0009014,436
0.014079,0.00020636,9.8185e-05,2.129e-08,0.00019637,4.258e-08,0.09998,0.09998,0.0009014,437
0.013569,0.00020165,9.1235e-05,2.0328e-08,0.00018247,4.0656e-08,0.099982,0.099982,0.0009014,438
0.013384,0.00014402,8.8773e-05,1.0369e-08,0.00017755,2.0739e-08,0.099982,0.099982,0.0008755,439
0.013382,0.00012184,8.8748e-05,7.4223e-09,0.0001775,1.4845e-08,0.099982,0.099982,0.00077438,440
0.013671,0.00014307,9.2603e-05,1.0234e-08,0.00018521,2.0467e-08,0.099981,0.099982,0.00077438,441
0.01351,0.00013794,9.0444e-05,9.513e-09,0.00018089,1.9026e-08,0.099982,0.099982,0.00077438,442
0.012882,0.00013338,8.2269e-05,8.8937e-09,0.00016454,1.7787e-08,0.099984,0.099984,0.00077438,443
0.012994,0.00014056,8.3696e-05,9.878e-09,0.00016739,1.9756e-08,0.099983,0.099983,0.00077438,444
0.013072,0.00014343,8.4691e-05,1.0285e-08,0.00016938,2.0569e-08,0.099983,0.099983,0.0007734,445
0.012325,0.0001063,7.5332e-05,5.649e-09,0.00015066,1.1298e-08,0.099985,0.099985,0.00074688,446
0.011821,0.00013201,6.9323e-05,8.7124e-09,0.00013865,1.7425e-08,0.099986,0.099986,0.00064686,447
0.011454,0.00011343,6.5097e-05,6.4325e-09,0.00013019,1.2865e-08,0.099987,0.099987,0.00056823,448
0.010759,0.00010544,5.7463e-05,5.5582e-09,0.00011493,1.1116e-08,0.099989,0.099989,0.00056823,449
0.011072,0.00014248,6.0849e-05,1.0149e-08,0.0001217,2.0298e-08,0.099988,0.099988,0.00056823,450
0.011199,0.00010141,6.2242e-05,5.1418e-09,0.00012448,1.0284e-08,0.099988,0.099988,0.00053888,451
0.010931,8.2279e-05,5.9306e-05,3.3847e-09,0.00011861,6.7694e-09,0.099988,0.099988,0.00053888,452
0.01067,9.4106e-05,5.6522e-05,4.4277e-09,0.00011304,8.8554e-09,0.099989,0.099989,0.00049728,453
0.010205,7.3969e-05,5.1723e-05,2.7356e-09,0.00010345,5.4711e-09,0.09999,0.09999,0.00049728,454
0.0099506,6.4008e-05,4.918e-05,2.0484e-09,9.8361e-05,4.0968e-09,0.09999,0.09999,0.00046456,455
0.0098598,9.391e-05,4.829e-05,4.4093e-09,9.6579e-05,8.8186e-09,0.09999,0.09999,0.00046454,456
0.0099838,8.7328e-05,4.9508e-05,3.8128e-09,9.9016e-05,7.6257e-09,0.09999,0.09999,0.00046454,457
0.0091912,6.7993e-05,4.1981e-05,2.3114e-09,8.3962e-05,4.6229e-09,0.099992,0.099992,0.00046454,458
0.0099468,7.7806e-05,4.9143e-05,3.0267e-09,9.8285e-05,6.0535e-09,0.09999,0.09999,0.00042708,459
0.0091247,6.398e-05,4.1378e-05,2.0466e-09,8.2756e-05,4.0933e-09,0.099992,0.099992,0.00038504,460
0.0090583,6.1519e-05,4.0779e-05,1.8922e-09,8.1559e-05,3.7845e-09,0.099992,0.099992,0.00038504,461
0.0092766,7.5333e-05,4.2763e-05,2.8374e-09,8.5526e-05,5.6748e-09,0.099991,0.099991,0.00038248,462
0.0085625,5.22e-05,3.6449e-05,1.3624e-09,7.2899e-05,2.7247e-09,0.099993,0.099993,0.00038248,463
0.0081949,5.742e-05,3.3395e-05,1.6485e-09,6.6791e-05,3.297e-09,0.099993,0.099993,0.00037671,464
0.0092346,6.763e-05,4.2377e-05,2.2868e-09,8.4755e-05,4.5736e-09,0.099992,0.099992,0.00037671,465
0.0079552,4.8417e-05,3.1475e-05,1.1721e-09,6.2951e-05,2.3441e-09,0.099994,0.099994,0.00037602,466
0.0080265,4.709e-05,3.2041e-05,1.1087e-09,6.4081e-05,2.2174e-09,0.099994,0.099994,0.00034668,467
0.0079657,5.2653e-05,3.1558e-05,1.3861e-09,6.3117e-05,2.7723e-09,0.099994,0.099994,0.00031965,468
0.0078066,4.3851e-05,3.0314e-05,9.6144e-10,6.0627e-05,1.9229e-09,0.099994,0.099994,0.00030133,469
0.0074937,3.9937e-05,2.7938e-05,7.9745e-10,5.5875e-05,1.5949e-09,0.099994,0.099994,0.00030133,470
0.0079665,5.1169e-05,3.1564e-05,1.3091e-09,6.3129e-05,2.6182e-09,0.099994,0.099994,0.00029903,471
0.0071197,4.0043e-05,2.5225e-05,8.0172e-10,5.045e-05,1.6034e-09,0.099995,0.099995,0.00029903,472
0.0072263,5.1434e-05,2.5984e-05,1.3227e-09,5.1968e-05,2.6454e-09,0.099995,0.099995,0.00029903,473
0.0080406,5.0402e-05,3.2153e-05,1.2701e-09,6.4306e-05,2.5402e-09,0.099994,0.099994,0.00029903,474
0.0068937,9.1574e-05,2.3653e-05,4.1926e-09,4.7306e-05,8.3853e-09,0.099995,0.099995,0.00028965,475
0.0070017,3.9401e-05,2.4398e-05,7.7619e-10,4.8796e-05,1.5524e-09,0.099995,0.099995,0.00027229,476
0.0070654,4.4499e-05,2.4843e-05,9.9004e-10,4.9685e-05,1.9801e-09,0.099995,0.099995,0.00026147,477
0.0066948,3.0397e-05,2.231e-05,4.6199e-10,4.4621e-05,9.2399e-10,0.099996,0.099996,0.00025511,478
0.0066277,2.792e-05,2.1866e-05,3.8975e-10,4.3732e-05,7.7951e-10,0.099996,0.099996,0.00024462,479
0.006551,3.2494e-05,2.1364e-05,5.2791e-10,4.2729e-05,1.0558e-09,0.099996,0.099996,0.00022887,480
0.0064087,2.6599e-05,2.0448e-05,3.5373e-10,4.0897e-05,7.0747e-10,0.099996,0.099996,0.00019832,481
0.0061582,2.9243e-05,1.8884e-05,4.2756e-10,3.7768e-05,8.5511e-10,0.099996,0.099996,0.00019832,482
0.0060849,4.0637e-05,1.8438e-05,8.2565e-10,3.6876e-05,1.6513e-09,0.099996,0.099996,0.00017467,483
0.0059286,2.6686e-05,1.7505e-05,3.5605e-10,3.501e-05,7.1211e-10,0.099996,0.099996,0.00017467,484
0.0059779,3.1838e-05,1.7797e-05,5.0683e-10,3.5593e-05,1.0137e-09,0.099996,0.099996,0.00017467,485
0.0055268,2.885e-05,1.5217e-05,4.1616e-10,3.0433e-05,8.3232e-10,0.099997,0.099997,0.00016198,486
0.0057287,2.558e-05,1.6346e-05,3.2717e-10,3.2693e-05,6.5433e-10,0.099997,0.099997,0.00016198,487
0.005532,2.1685e-05,1.5245e-05,2.3512e-10,3.0491e-05,4.7024e-10,0.099997,0.099997,0.00016198,488
0.0054893,2.579e-05,1.5011e-05,3.3255e-10,3.0023e-05,6.651e-10,0.099997,0.099997,0.00016078,489
0.0056088,2.5352e-05,1.5671e-05,3.2136e-10,3.1342e-05,6.4273e-10,0.099997,0.099997,0.00014857,490
0.0052973,2.2325e-05,1.3982e-05,2.4919e-10,2.7963e-05,4.9838e-10,0.099997,0.099997,0.00014857,491
0.0055205,1.7666e-05,1.5182e-05,1.5604e-10,3.0364e-05,3.1208e-10,0.099997,0.099997,0.00013343,492
0.0051176,2.2421e-05,1.305e-05,2.5135e-10,2.6101e-05,5.0269e-10,0.099997,0.099997,0.00013343,493
0.0049479,2.0992e-05,1.22e-05,2.2033e-10,2.4401e-05,4.4067e-10,0.099998,0.099998,0.00011615,494
0.0052884,2.0629e-05,1.3934e-05,2.1277e-10,2.7868e-05,4.2554e-10,0.099997,0.099997,0.00011615,495
0.0047171,1.9311e-05,1.1091e-05,1.8645e-10,2.2181e-05,3.7291e-10,0.099998,0.099998,0.00011314,496
0.0048135,1.8204e-05,1.1548e-05,1.657e-10,2.3096e-05,3.314e-10,0.099998,0.099998,0.00011314,497
0.0045775,1.518e-05,1.0445e-05,1.1522e-10,2.089e-05,2.3043e-10,0.099998,0.099998,0.00011314,498
0.0046049,1.6133e-05,1.057e-05,1.3013e-10,2.114e-05,2.6027e-10,0.099998,0.099998,0.00011314,499
0.0046039,1.6116e-05,1.0566e-05,1.2986e-10,2.1131e-05,2.5972e-10,0.099998,0.099998,9.3303e-05,500
0.0044772,1.4525e-05,9.9926e-06,1.0549e-10,1.9985e-05,2.1099e-10,0.099998,0.099998,9.3303e-05,501
0.0046592,1.8233e-05,1.082e-05,1.6623e-10,2.1641e-05,3.3245e-10,0.099998,0.099998,9.1983e-05,502
0.0044736,1.6916e-05,9.9768e-06,1.4307e-10,1.9954e-05,2.8614e-10,0.099998,0.099998,9.1983e-05,503
0.0040799,1.2087e-05,8.3004e-06,7.3047e-11,1.6601e-05,1.4609e-10,0.099998,0.099998,8.5317e-05,504
0.0041707,1.2528e-05,8.6733e-06,7.8471e-11,1.7347e-05,1.5694e-10,0.099998,0.099998,8.206e-05,505
0.0039485,1.1604e-05,7.775e-06,6.7329e-11,1.555e-05,1.3466e-10,0.099998,0.099998,8.0429e-05,506
0.0039399,1.2136e-05,7.7411e-06,7.3636e-11,1.5482e-05,1.4727e-10,0.099998,0.099998,7.9853e-05,507
0.003855,1.3012e-05,7.4114e-06,8.4657e-11,1.4823e-05,1.6931e-10,0.099999,0.099999,7.2055e-05,508
0.0036037,1.5547e-05,6.4777e-06,1.2086e-10,1.2955e-05,2.4172e-10,0.099999,0.099999,7.2055e-05,509
0.003519,9.9908e-06,6.1773e-06,4.9908e-11,1.2355e-05,9.9816e-11,0.099999,0.099999,6.8238e-05,510
0.0036782,1.0059e-05,6.7481e-06,5.0591e-11,1.3496e-05,1.0118e-10,0.099999,0.099999,6.8238e-05,511
0.0033816,9.7318e-06,5.7046e-06,4.7353e-11,1.1409e-05,9.4706e-11,0.099999,0.099999,6.6366e-05,512
0.0035696,8.7813e-06,6.3559e-06,3.8555e-11,1.2712e-05,7.711e-11,0.099999,0.099999,6.3251e-05,513
0.0033807,1.0695e-05,5.7018e-06,5.7191e-11,1.1404e-05,1.1438e-10,0.099999,0.099999,6.2202e-05,514
0.0032106,8.4467e-06,5.1429e-06,3.5673e-11,1.0286e-05,7.1347e-11,0.099999,0.099999,6.2202e-05,515
0.0034556,1.0822e-05,5.9569e-06,5.8556e-11,1.1914e-05,1.1711e-10,0.099999,0.099999,5.9568e-05,516
0.0030615,7.4728e-06,4.6767e-06,2.7921e-11,9.3535e-06,5.5842e-11,0.099999,0.099999,5.9264e-05,517
0.0032042,7.0098e-06,5.1224e-06,2.4568e-11,1.0245e-05,4.9136e-11,0.099999,0.099999,4.562e-05,518
0.0031557,7.5808e-06,4.9687e-06,2.8734e-11,9.9375e-06,5.7468e-11,0.099999,0.099999,4.562e-05,519
0.0031138,8.4009e-06,4.8379e-06,3.5287e-11,9.6758e-06,7.0574e-11,0.099999,0.099999,4.562e-05,520
0.0031021,6.7959e-06,4.8015e-06,2.3092e-11,9.603e-06,4.6184e-11,0.099999,0.099999,4.5425e-05,521
0.0031404,8.026e-06,4.9208e-06,3.2208e-11,9.8415e-06,6.4416e-11,0.099999,0.099999,4.4231e-05,522
0.0028961,6.311e-06,4.1857e-06,1.9914e-11,8.3715e-06,3.9829e-11,0.099999,0.099999,4.2301e-05,523
0.002777,6.9828e-06,3.8488e-06,2.4379e-11,7.6976e-06,4.8759e-11,0.099999,0.099999,4.2301e-05,524
0.0027316,5.7138e-06,3.7241e-06,1.6323e-11,7.4483e-06,3.2647e-11,0.099999,0.099999,4.2301e-05,525
0.0026594,7.1676e-06,3.5298e-06,2.5687e-11,7.0597e-06,5.1374e-11,0.099999,0.099999,4.2301e-05,526
0.0026937,5.2444e-06,3.6214e-06,1.3752e-11,7.2428e-06,2.7504e-11,0.099999,0.099999,3.6117e-05,527
0.0025655,5.4999e-06,3.2853e-06,1.5124e-11,6.5705e-06,3.0249e-11,0.099999,0.099999,3.5829e-05,528
0.0026988,6.8103e-06,3.6352e-06,2.319e-11,7.2703e-06,4.638e-11,0.099999,0.099999,3.5829e-05,529
0.0026519,5.3689e-06,3.5101e-06,1.4412e-11,7.0202e-06,2.8825e-11,0.099999,0.099999,3.5393e-05,530
0.0024461,4.715e-06,2.9868e-06,1.1116e-11,5.9736e-06,2.2231e-11,0.099999,0.099999,3.435e-05,531
0.0023461,5.3426e-06,2.7479e-06,1.4272e-11,5.4957e-06,2.8544e-11,0.099999,0.099999,3.3228e-05,532
0.0026029,5.2937e-06,3.3817e-06,1.4012e-11,6.7634e-06,2.8024e-11,0.099999,0.099999,3.0018e-05,533
0.0024554,4.5017e-06,3.0097e-06,1.0132e-11,6.0193e-06,2.0265e-11,0.099999,0.099999,3.0018e-05,534
0.0023442,4.799e-06,2.7435e-06,1.1515e-11,5.4869e-06,2.303e-11,0.099999,0.099999,2.9067e-05,535
0.0021846,3.8533e-06,2.3827e-06,7.4241e-12,4.7653e-06,1.4848e-11,0.1,0.1,2.9067e-05,536
0.0023381,4.0022e-06,2.7292e-06,8.0087e-12,5.4583e-06,1.6017e-11,0.099999,0.099999,2.819e-05,537
0.0021165,3.603e-06,2.2366e-06,6.4906e-12,4.4732e-06,1.2981e-11,0.1,0.1,2.819e-05,538
0.002239,3.6874e-06,2.5028e-06,6.7983e-12,5.0056e-06,1.3597e-11,0.099999,0.099999,2.7006e-05,539
0.0020334,3.2248e-06,2.0645e-06,5.1996e-12,4.129e-06,1.0399e-11,0.1,0.1,2.47e-05,540
0.0020548,3.4595e-06,2.1083e-06,5.984e-12,4.2166e-06,1.1968e-11,0.1,0.1,2.4023e-05,541
0.0019543,3.0768e-06,1.9071e-06,4.7333e-12,3.8142e-06,9.4666e-12,0.1,0.1,2.2404e-05,542
0.0019741,2.9377e-06,1.946e-06,4.3151e-12,3.892e-06,8.6302e-12,0.1,0.1,2.2404e-05,543
0.0020474,2.7053e-06,2.0931e-06,3.6592e-12,4.1862e-06,7.3184e-12,0.1,0.1,2.2404e-05,544
0.0019975,3.0183e-06,1.9924e-06,4.555e-12,3.9848e-06,9.11e-12,0.1,0.1,1.9021e-05,545
0.0019404,3.0788e-06,1.8802e-06,4.7394e-12,3.7604e-06,9.4789e-12,0.1,0.1,1.9021e-05,546
0.0018873,2.6143e-06,1.7786e-06,3.4173e-12,3.5573e-06,6.8345e-12,0.1,0.1,1.8164e-05,547
0.001868,2.3757e-06,1.7426e-06,2.8221e-12,3.4852e-06,5.6442e-12,0.1,0.1,1.8164e-05,548
0.001955,2.6894e-06,1.9085e-06,3.6163e-12,3.817e-06,7.2327e-12,0.1,0.1,1.695e-05,549
0.001706,2.2369e-06,1.4535e-06,2.5019e-12,2.907e-06,5.0038e-12,0.1,0.1,1.695e-05,550
0.001718,1.9907e-06,1.4741e-06,1.9814e-12,2.9483e-06,3.9628e-12,0.1,0.1,1.6557e-05,551
0.0018353,2.7878e-06,1.6821e-06,3.8859e-12,3.3642e-06,7.7718e-12,0.1,0.1,1.6557e-05,552
0.0016613,2.0536e-06,1.3784e-06,2.1086e-12,2.7567e-06,4.2173e-12,0.1,0.1,1.5959e-05,553
0.0016335,2.3525e-06,1.3326e-06,2.767e-12,2.6653e-06,5.534e-12,0.1,0.1,1.5288e-05,554
0.0017483,2.6806e-06,1.5265e-06,3.5928e-12,3.053e-06,7.1856e-12,0.1,0.1,1.3698e-05,555
0.001596,2.287e-06,1.2723e-06,2.6152e-12,2.5446e-06,5.2305e-12,0.1,0.1,1.3698e-05,556
0.0015344,1.8328e-06,1.176e-06,1.6797e-12,2.352e-06,3.3593e-12,0.1,0.1,1.3478e-05,557
0.0014813,1.7723e-06,1.096e-06,1.5704e-12,2.1921e-06,3.1408e-12,0.1,0.1,1.2402e-05,558
0.0015912,2.2909e-06,1.2646e-06,2.6239e-12,2.5291e-06,5.2478e-12,0.1,0.1,1.1256e-05,559
0.0013826,1.5977e-06,9.5486e-07,1.2764e-12,1.9097e-06,2.5528e-12,0.1,0.1,1.1256e-05,560
0.0014397,1.6525e-06,1.0354e-06,1.3654e-12,2.0708e-06,2.7307e-12,0.1,0.1,1.1256e-05,561
0.001483,1.6485e-06,1.0985e-06,1.3589e-12,2.197e-06,2.7178e-12,0.1,0.1,1.0956e-05,562
0.0014255,1.5491e-06,1.0151e-06,1.1998e-12,2.0302e-06,2.3996e-12,0.1,0.1,9.7615e-06,563
0.0012932,1.4432e-06,8.3545e-07,1.0413e-12,1.6709e-06,2.0826e-12,0.1,0.1,9.7615e-06,564
0.001402,1.3137e-06,9.8194e-07,8.6298e-13,1.9639e-06,1.726e-12,0.1,0.1,8.4812e-06,565
0.0012957,1.1368e-06,8.3864e-07,6.4615e-13,1.6773e-06,1.2923e-12,0.1,0.1,7.2698e-06,566
0.0012528,1.2185e-06,7.8407e-07,7.423e-13,1.5681e-06,1.4846e-12,0.1,0.1,7.2698e-06,567
0.0013119,1.3268e-06,8.5973e-07,8.8041e-13,1.7195e-06,1.7608e-12,0.1,0.1,7.1297e-06,568
0.0012357,1.1881e-06,7.6285e-07,7.0577e-13,1.5257e-06,1.4115e-12,0.1,0.1,7.1297e-06,569
0.0012733,1.2015e-06,8.099e-07,7.2176e-13,1.6198e-06,1.4435e-12,0.1,0.1,7.0684e-06,570
0.0012672,1.2287e-06,8.0222e-07,7.5484e-13,1.6044e-06,1.5097e-12,0.1,0.1,6.6312e-06,571
0.0012347,1.1888e-06,7.6167e-07,7.0655e-13,1.5233e-06,1.4131e-12,0.1,0.1,6.6312e-06,572
0.0011567,1.0095e-06,6.6841e-07,5.0948e-13,1.3368e-06,1.019e-12,0.1,0.1,5.5554e-06,573
0.001166,9.6415e-07,6.7929e-07,4.6474e-13,1.3586e-06,9.2948e-13,0.1,0.1,5.3898e-06,574
0.0011826,1.1586e-06,6.9875e-07,6.7135e-13,1.3975e-06,1.3427e-12,0.1,0.1,5.3898e-06,575
0.0011237,9.41e-07,6.309e-07,4.4265e-13,1.2618e-06,8.8529e-13,0.1,0.1,4.7429e-06,576
0.0011143,1.0533e-06,6.2034e-07,5.5467e-13,1.2407e-06,1.1093e-12,0.1,0.1,4.7429e-06,577
0.0010332,7.1711e-07,5.3341e-07,2.5702e-13,1.0668e-06,5.1403e-13,0.1,0.1,4.7429e-06,578
0.0011003,7.8464e-07,6.0485e-07,3.0775e-13,1.2097e-06,6.1551e-13,0.1,0.1,4.7429e-06,579
0.0010834,8.1148e-07,5.8642e-07,3.2918e-13,1.1728e-06,6.5836e-13,0.1,0.1,4.7429e-06,580
0.0010123,1.2832e-06,5.1198e-07,8.2334e-13,1.024e-06,1.6467e-12,0.1,0.1,4.7429e-06,581
0.00097734,7.6189e-07,4.7729e-07,2.901e-13,9.5457e-07,5.802e-13,0.1,0.1,4.7429e-06,582
0.001004,8.7605e-07,5.0363e-07,3.8369e-13,1.0073e-06,7.6739e-13,0.1,0.1,4.7429e-06,583
0.00098388,8.5844e-07,4.8369e-07,3.6848e-13,9.6738e-07,7.3697e-13,0.1,0.1,4.7266e-06,584
0.00096332,7.169e-07,4.6369e-07,2.5702e-13,9.2738e-07,5.1403e-13,0.1,0.1,4.3331e-06,585
0.00095917,7.2468e-07,4.5971e-07,2.6257e-13,9.1941e-07,5.2514e-13,0.1,0.1,4.3331e-06,586
0.00092891,6.6496e-07,4.3117e-07,2.2105e-13,8.6233e-07,4.4209e-13,0.1,0.1,4.3331e-06,587
0.00093867,5.6941e-07,4.4027e-07,1.6198e-13,8.8055e-07,3.2396e-13,0.1,0.1,3.9884e-06,588
0.00087921,5.5459e-07,3.8628e-07,1.5377e-13,7.7255e-07,3.0753e-13,0.1,0.1,3.5689e-06,589
0.0009014,6.0078e-07,4.0602e-07,1.8041e-13,8.1203e-07,3.6082e-13,0.1,0.1,3.5689e-06,590
0.00083563,5.3842e-07,3.4894e-07,1.4488e-13,6.9789e-07,2.8977e-13,0.1,0.1,3.1565e-06,591
0.00082923,6.7419e-07,3.4362e-07,2.2726e-13,6.8724e-07,4.5453e-13,0.1,0.1,3.1565e-06,592
0.00078947,4.6048e-07,3.1147e-07,1.0614e-13,6.2294e-07,2.1227e-13,0.1,0.1,2.6166e-06,593
0.00077482,4.8853e-07,3.0002e-07,1.1924e-13,6.0004e-07,2.3848e-13,0.1,0.1,2.6166e-06,594
0.00075879,4.6761e-07,2.8773e-07,1.0925e-13,5.7547e-07,2.1849e-13,0.1,0.1,2.6166e-06,595
0.00079346,4.8009e-07,3.1462e-07,1.1535e-13,6.2924e-07,2.307e-13,0.1,0.1,2.6166e-06,596
0.00080714,3.8861e-07,3.2556e-07,7.5495e-14,6.5112e-07,1.5099e-13,0.1,0.1,2.4434e-06,597
0.00079941,4.2452e-07,3.1936e-07,9.0039e-14,6.3872e-07,1.8008e-13,0.1,0.1,2.4434e-06,598
0.00078962,6.7215e-07,3.1158e-07,2.2582e-13,6.2316e-07,4.5164e-13,0.1,0.1,2.4434e-06,599
0.00074917,4.6786e-07,2.8049e-07,1.0958e-13,5.6097e-07,2.1916e-13,0.1,0.1,2.4434e-06,600
0.00071337,3.7977e-07,2.5433e-07,7.2053e-14,5.0865e-07,1.4411e-13,0.1,0.1,2.4434e-06,601
0.00069254,3.8181e-07,2.3969e-07,7.2942e-14,4.7939e-07,1.4588e-13,0.1,0.1,2.4434e-06,602
0.0006449,3.1901e-07,2.0786e-07,5.0959e-14,4.1571e-07,1.0192e-13,0.1,0.1,2.3942e-06,603
0.00068612,3.3984e-07,2.3527e-07,5.7621e-14,4.7054e-07,1.1524e-13,0.1,0.1,2.3816e-06,604
0.00066959,3.3635e-07,2.2407e-07,5.651e-14,4.4815e-07,1.1302e-13,0.1,0.1,2.0987e-06,605
0.00067161,3.609e-07,2.2543e-07,6.517e-14,4.5085e-07,1.3034e-13,0.1,0.1,2.0987e-06,606
0.00064546,3.1292e-07,2.0822e-07,4.9072e-14,4.1644e-07,9.8144e-14,0.1,0.1,2.0876e-06,607
0.00060748,3.101e-07,1.8444e-07,4.8073e-14,3.6888e-07,9.6145e-14,0.1,0.1,1.3182e-06,608
0.00063306,3.0872e-07,2.003e-07,4.7629e-14,4.006e-07,9.5257e-14,0.1,0.1,1.3182e-06,609
0.0006456,2.7876e-07,2.0831e-07,3.8969e-14,4.1662e-07,7.7938e-14,0.1,0.1,1.3182e-06,610
0.00060505,2.6689e-07,1.8297e-07,3.5638e-14,3.6593e-07,7.1276e-14,0.1,0.1,1.3122e-06,611
0.00058122,2.3094e-07,1.6884e-07,2.6534e-14,3.3768e-07,5.3069e-14,0.1,0.1,1.3122e-06,612
0.0005476,2.1631e-07,1.4988e-07,2.3315e-14,2.9976e-07,4.6629e-14,0.1,0.1,1.3122e-06,613
0.00055506,2.5741e-07,1.5399e-07,3.3085e-14,3.0798e-07,6.6169e-14,0.1,0.1,1.3122e-06,614
0.00057745,2.4995e-07,1.6666e-07,3.1197e-14,3.3332e-07,6.2395e-14,0.1,0.1,1.3122e-06,615
0.00058779,2.4891e-07,1.7268e-07,3.1086e-14,3.4536e-07,6.2172e-14,0.1,0.1,1.3122e-06,616
0.00050985,2.0246e-07,1.2993e-07,2.0539e-14,2.5986e-07,4.1078e-14,0.1,0.1,1.216e-06,617
0.00054125,3.3535e-07,1.4642e-07,5.6288e-14,2.9285e-07,1.1258e-13,0.1,0.1,1.216e-06,618
0.00051331,2.1447e-07,1.317e-07,2.3093e-14,2.6339e-07,4.6185e-14,0.1,0.1,1.1964e-06,619
0.0005067,1.8581e-07,1.2833e-07,1.7319e-14,2.5666e-07,3.4639e-14,0.1,0.1,1.1964e-06,620
0.00050962,1.7539e-07,1.2981e-07,1.5432e-14,2.5963e-07,3.0864e-14,0.1,0.1,1.1964e-06,621
0.00048103,1.5469e-07,1.1566e-07,1.2101e-14,2.3132e-07,2.4203e-14,0.1,0.1,1.0915e-06,622
0.00049146,1.8602e-07,1.2072e-07,1.7319e-14,2.4145e-07,3.4639e-14,0.1,0.1,1.0915e-06,623
0.00045437,1.5751e-07,1.0319e-07,1.2323e-14,2.0639e-07,2.4647e-14,0.1,0.1,1.0915e-06,624
0.00042956,1.3353e-07,9.2234e-08,8.8818e-15,1.8447e-07,1.7764e-14,0.1,0.1,1.0915e-06,625
0.00045382,1.6805e-07,1.0294e-07,1.41e-14,2.0589e-07,2.82e-14,0.1,0.1,1.0089e-06,626
0.00045394,1.7073e-07,1.03e-07,1.4544e-14,2.06e-07,2.9088e-14,0.1,0.1,1.0089e-06,627
